tutor1@example.com,Alice,Smith,pass123,tutor
tutor2@example.com,Bob,Johnson,pass456,tutor
tutor3@example.com,Carol,Williams,pass789,tutor
tutor4@example.com,David,Jones,pass234,tutor
tutor5@example.com,Eva,Brown,pass567,tutor
tutor6@example.com,Frank,Davis,pass890,tutor
tutor7@example.com,Grace,Miller,pass345,tutor
tutor8@example.com,Hank,Wilson,pass678,tutor
tutor9@example.com,Ivy,Moore,pass901,tutor
tutor10@example.com,Jack,Taylor,pass012,tutor
student1@example.com,Charlie,Brown,pass789,student
student2@example.com,Diana,White,pass321,student
student3@example.com,Ethan,Martinez,pass654,student
student4@example.com,Fiona,Garcia,pass987,student
student5@example.com,George,Clark,pass210,student
student6@example.com,Hannah,Lopez,pass543,student
student7@example.com,Isaac,Hill,pass876,student
student8@example.com,Julia,Scott,pass109,student
student9@example.com,Kyle,Adams,pass432,student
student10@example.com,Lily,Baker,pass765,student